"cnpj";"coalesce";"coalesce";"coalesce";"y"
14;"1352";"00000000-000";"2";"tributado"
14;"1352";"00000000-000";"2";"tributado"
14;"1352";"00000000-000";"2";"tributado"
14;"5102";"04012090-000";"0";"suspensao"
14;"5102";"04012090-000";"0";"suspensao"
14;"0";"0";"0";"tributado"
14;"1556";"84329000";"0";"sem direito"
14;"1556";"40111000";"0";"sem direito"
14;"1556";"40111000";"0";"sem direito"
14;"1556";"16010000";"0";"sem direito"
14;"1556";"76071190";"0";"sem direito"
14;"1556";"20011000";"0";"sem direito"
14;"1556";"96039000";"0";"sem direito"
14;"1407";"87089990";"0";"sem direito"
14;"1556";"96039000";"0";"sem direito"
14;"1556";"68053090";"0";"sem direito"
14;"1556";"84219999";"0";"sem direito"
14;"1556";"82079000";"0";"sem direito"
14;"1556";"53051900";"0";"sem direito"
14;"1556";"62059090";"0";"sem direito"
14;"1556";"19021900";"0";"sem direito"
14;"1556";"20058000";"0";"sem direito"
14;"1556";"85159000";"0";"sem direito"
14;"1556";"69041000";"0";"sem direito"
14;"1556";"69041000";"0";"sem direito"
14;"1556";"84243090";"0";"sem direito"
14;"1556";"85393100";"0";"sem direito"
14;"1556";"39174090";"0";"sem direito"
14;"1556";"39172300";"0";"sem direito"
14;"1556";"39172300";"0";"sem direito"
14;"1556";"39269090";"0";"sem direito"
14;"1556";"85389090";"0";"sem direito"
14;"1556";"73071990";"0";"sem direito"
14;"1556";"73071990";"0";"sem direito"
14;"1556";"73071910";"0";"sem direito"
14;"1556";"82075011";"0";"sem direito"
14;"1556";"82055900";"0";"sem direito"
14;"1556";"39174090";"0";"sem direito"
14;"1556";"39174090";"0";"sem direito"
14;"1556";"39174090";"0";"sem direito"
14;"1556";"39174090";"0";"sem direito"
14;"1556";"39172300";"0";"sem direito"
14;"1556";"39174090";"0";"sem direito"
14;"1556";"39174090";"0";"sem direito"
14;"1556";"39174090";"0";"sem direito"
14;"1556";"39174090";"0";"sem direito"
14;"1556";"73071910";"0";"sem direito"
14;"1556";"39174090";"0";"sem direito"
14;"1556";"54026904";"0";"sem direito"
14;"1556";"54026904";"0";"sem direito"
14;"1556";"82119390";"0";"sem direito"
14;"1556";"84818099";"0";"sem direito"
14;"1556";"68042119";"0";"sem direito"
14;"1556";"73071920";"0";"sem direito"
14;"1556";"74122000";"0";"sem direito"
14;"1556";"35069110";"0";"sem direito"
14;"1556";"82054000";"0";"sem direito"
14;"1556";"82054000";"0";"sem direito"
14;"1556";"69089000";"0";"sem direito"
14;"1556";"69089000";"0";"sem direito"
14;"1556";"69089000";"0";"sem direito"
14;"1556";"39172300";"0";"sem direito"
14;"1556";"39174090";"0";"sem direito"
14;"1556";"83011000";"0";"sem direito"
14;"1556";"83011000";"0";"sem direito"
14;"1556";"73071910";"0";"sem direito"
14;"1556";"73071990";"0";"sem direito"
14;"0";"0";"0";"tributado"
14;"0";"0";"0";"tributado"
14;"0";"0";"0";"tributado"
14;"1556";"82079000";"0";"sem direito"
14;"1556";"82029990";"0";"sem direito"
14;"1556";"73181400";"0";"sem direito"
14;"1556";"73071990";"0";"sem direito"
14;"1556";"39174090";"0";"sem direito"
14;"1556";"39174090";"0";"sem direito"
14;"1556";"39174090";"0";"sem direito"
14;"1556";"85444900";"0";"sem direito"
14;"1556";"85365090";"0";"sem direito"
14;"1556";"39172300";"0";"sem direito"
14;"1556";"39172300";"0";"sem direito"
14;"1556";"39172300";"0";"sem direito"
14;"1556";"73071990";"0";"sem direito"
14;"1556";"90261029";"0";"sem direito"
14;"1556";"82032010";"0";"sem direito"
14;"1556";"73269090";"0";"sem direito"
14;"1556";"39174090";"0";"sem direito"
14;"1556";"84219199";"0";"sem direito"
14;"1556";"90178010";"0";"sem direito"
14;"1556";"90178010";"0";"sem direito"
14;"1556";"32082010";"0";"sem direito"
14;"1556";"32082010";"0";"sem direito"
14;"1556";"38140090";"0";"sem direito"
14;"1556";"38140090";"0";"sem direito"
14;"1556";"73071990";"0";"sem direito"
14;"1556";"73071990";"0";"sem direito"
14;"1556";"73071990";"0";"sem direito"
14;"1556";"73071990";"0";"sem direito"
14;"1556";"82075011";"0";"sem direito"
14;"1556";"87089990";"0";"sem direito"
14;"1556";"82075011";"0";"sem direito"
14;"1556";"82075011";"0";"sem direito"
14;"1556";"82075011";"0";"sem direito"
14;"1556";"85366100";"0";"sem direito"
14;"1556";"68042119";"0";"sem direito"
14;"1556";"82029990";"0";"sem direito"
14;"1556";"82029990";"0";"sem direito"
14;"1556";"82029990";"0";"sem direito"
14;"1556";"82029990";"0";"sem direito"
14;"1556";"82029990";"0";"sem direito"
14;"1556";"82029990";"0";"sem direito"
14;"1556";"84818095";"0";"sem direito"
14;"1556";"84818095";"0";"sem direito"
14;"1556";"84818095";"0";"sem direito"
14;"1556";"84818095";"0";"sem direito"
14;"1556";"84818095";"0";"sem direito"
14;"1556";"73181600";"0";"sem direito"
14;"1556";"73071990";"0";"sem direito"
14;"1556";"73071990";"0";"sem direito"
14;"1556";"73181500";"0";"sem direito"
14;"1556";"73181400";"0";"sem direito"
14;"1556";"90153000";"0";"sem direito"
14;"1556";"73071990";"0";"sem direito"
14;"1556";"73071990";"0";"sem direito"
14;"1556";"73071990";"0";"sem direito"
14;"1556";"39174090";"0";"sem direito"
14;"1556";"73071910";"0";"sem direito"
14;"1556";"73063000";"0";"sem direito"
14;"1556";"90178010";"0";"sem direito"
14;"1556";"73071990";"0";"sem direito"
14;"1556";"82075011";"0";"sem direito"
14;"1556";"82029990";"0";"sem direito"
14;"1556";"82029990";"0";"sem direito"
14;"1556";"85444900";"0";"sem direito"
14;"1556";"68042211";"0";"sem direito"
14;"1556";"68042211";"0";"sem direito"
14;"1556";"39172300";"0";"sem direito"
14;"1556";"33049990";"0";"sem direito"
14;"1556";"30049079";"0";"sem direito"
14;"1556";"30049039";"0";"sem direito"
14;"1556";"30049099";"0";"sem direito"
14;"1556";"48025610";"0";"sem direito"
14;"0";"0";"0";"tributado"
14;"0";"0";"0";"tributado"
14;"0";"0";"0";"sem incidencia - servicos"
14;"1551";"84672100-000";"0";"tratamento via modulo de imobilizado"
11;"5949";"38085029-000";"0";"sem incidencia - outras saidas"
14;"1556";"70091000";"0";"sem direito"
14;"1556";"85389090";"0";"sem direito"
14;"1556";"85472090";"0";"sem direito"
14;"1556";"85392110";"0";"sem direito"
14;"1556";"85392110";"0";"sem direito"
14;"1556";"85392910";"0";"sem direito"
14;"1556";"90271000";"0";"sem direito"
14;"1556";"85013110";"0";"sem direito"
14;"1556";"85392910";"0";"sem direito"
14;"1556";"85444200";"0";"sem direito"
14;"1556";"85366100";"0";"sem direito"
14;"1556";"73181200";"0";"sem direito"
14;"1556";"85013110";"0";"sem direito"
14;"1556";"70091000";"0";"sem direito"
14;"1556";"85389090";"0";"sem direito"
14;"1556";"85389090";"0";"sem direito"
14;"1556";"85369090";"0";"sem direito"
14;"1556";"85369090";"0";"sem direito"
14;"1556";"85369090";"0";"sem direito"
14;"1556";"85392910";"0";"sem direito"
14;"1556";"85122011";"0";"sem direito"
14;"1556";"85444200";"0";"sem direito"
14;"1556";"85366100";"0";"sem direito"
14;"1556";"85366100";"0";"sem direito"
14;"1556";"85122011";"0";"sem direito"
14;"1556";"85444900";"0";"sem direito"
14;"1556";"38099190";"0";"sem direito"
14;"1556";"38099190";"0";"sem direito"
14;"1556";"85392910";"0";"sem direito"
14;"1556";"85392110";"0";"sem direito"
14;"1556";"85361000";"0";"sem direito"
14;"1556";"85392910";"0";"sem direito"
14;"1556";"85392110";"0";"sem direito"
14;"1556";"85365090";"0";"sem direito"
14;"1556";"85389090";"0";"sem direito"
14;"1556";"85392910";"0";"sem direito"
14;"1556";"85392910";"0";"sem direito"
14;"1556";"85122022";"0";"sem direito"
14;"1556";"40169300";"0";"sem direito"
14;"1556";"85366990";"0";"sem direito"
14;"1556";"85444200";"0";"sem direito"
14;"1556";"85366100";"0";"sem direito"
14;"1556";"83023000";"0";"sem direito"
14;"1556";"85392910";"0";"sem direito"
14;"1556";"85392910";"0";"sem direito"
14;"1556";"85361000";"0";"sem direito"
14;"1556";"85361000";"0";"sem direito"
14;"1556";"85365090";"0";"sem direito"
14;"1556";"85472090";"0";"sem direito"
14;"1556";"85444900";"0";"sem direito"
14;"1556";"85444900";"0";"sem direito"
14;"1556";"85392910";"0";"sem direito"
14;"1556";"85392110";"0";"sem direito"
14;"1556";"85122029";"0";"sem direito"
14;"1556";"85122029";"0";"sem direito"
14;"1556";"85122029";"0";"sem direito"
14;"1556";"85122029";"0";"sem direito"
14;"1556";"85365090";"0";"sem direito"
14;"1556";"85389090";"0";"sem direito"
14;"1556";"85389090";"0";"sem direito"
14;"1556";"85369090";"0";"sem direito"
14;"1556";"85369090";"0";"sem direito"
14;"1556";"85392910";"0";"sem direito"
14;"1556";"85392910";"0";"sem direito"
14;"1556";"85122011";"0";"sem direito"
14;"1556";"84212100";"0";"sem direito"
14;"1556";"34053000";"0";"sem direito"
14;"1556";"38249041";"0";"sem direito"
14;"1949";"84219999";"0";"sem incidencia - outras entradas"
14;"0";"0";"0";"tributado"
14;"0";"0";"0";"tributado"
14;"6125";"04041000-000";"0";"tributado"
14;"6101";"04041000-000";"0";"aliquota zero"
14;"5102";"04012090-000";"0";"suspensao"
14;"5102";"04012090-000";"0";"suspensao"
14;"5101";"04061010-000";"0";"aliquota zero"
14;"5101";"04061010-000";"0";"aliquota zero"
14;"5102";"04012090-000";"0";"suspensao"
14;"5102";"04012090-000";"0";"suspensao"
14;"5101";"04061010-000";"0";"aliquota zero"
14;"5101";"04061010-000";"0";"aliquota zero"
14;"5101";"04069020-000";"0";"aliquota zero"
14;"5101";"04069020-000";"0";"aliquota zero"
14;"5102";"04012090-000";"0";"suspensao"
14;"5101";"04061010-000";"0";"aliquota zero"
14;"5101";"04061010-000";"0";"aliquota zero"
14;"5102";"04012090-000";"0";"suspensao"
14;"5101";"04061010-000";"0";"aliquota zero"
14;"5101";"04069020-000";"0";"aliquota zero"
14;"5102";"04012090-000";"0";"suspensao"
14;"5125";"04069020-000";"0";"tributado"
14;"5102";"04012090-000";"0";"suspensao"
14;"5102";"04012090-000";"0";"suspensao"
14;"5125";"04069020-000";"0";"tributado"
14;"5101";"04061010-000";"0";"aliquota zero"
14;"5101";"04061010-000";"0";"aliquota zero"
14;"5101";"04061010-000";"0";"aliquota zero"
14;"5101";"04022130-000";"0";"tributado"
14;"6125";"04041000-000";"0";"tributado"
14;"5101";"04069020-000";"0";"aliquota zero"
14;"5101";"04061010-000";"0";"aliquota zero"
14;"5101";"04069020-000";"0";"aliquota zero"
14;"5101";"04069020-000";"0";"aliquota zero"
14;"5101";"04061010-000";"0";"aliquota zero"
14;"5101";"04061010-000";"0";"aliquota zero"
14;"6125";"04041000-000";"0";"tributado"
14;"6125";"04041000-000";"0";"tributado"
14;"6101";"04041000-000";"0";"aliquota zero"
14;"5101";"04061010-000";"0";"aliquota zero"
14;"6101";"04041000-000";"0";"aliquota zero"
14;"6101";"04041000-000";"0";"aliquota zero"
14;"5101";"04022130-000";"0";"tributado"
14;"6125";"04041000-000";"0";"tributado"
14;"6125";"04041000-000";"0";"tributado"
11;"5949";"34022000-000";"0";"sem incidencia - outras saidas"
11;"5949";"38085029-000";"0";"sem incidencia - outras saidas"
11;"5949";"34022000-000";"0";"sem incidencia - outras saidas"
11;"5949";"38085029-000";"0";"sem incidencia - outras saidas"
11;"5949";"38085029-000";"0";"sem incidencia - outras saidas"
11;"5949";"34022000-000";"0";"sem incidencia - outras saidas"
11;"5949";"34022000-000";"0";"sem incidencia - outras saidas"
11;"5949";"34022000-000";"0";"sem incidencia - outras saidas"
11;"5949";"34022000-000";"0";"sem incidencia - outras saidas"
11;"5949";"38085029-000";"0";"sem incidencia - outras saidas"
11;"5949";"34022000-000";"0";"sem incidencia - outras saidas"
11;"5949";"34022000-000";"0";"sem incidencia - outras saidas"
11;"5949";"34022000-000";"0";"sem incidencia - outras saidas"
11;"5949";"38085029-000";"0";"sem incidencia - outras saidas"
11;"5949";"34022000-000";"0";"sem incidencia - outras saidas"
11;"5949";"34022000-000";"0";"sem incidencia - outras saidas"
11;"5949";"38085029-000";"0";"sem incidencia - outras saidas"
11;"5949";"34022000-000";"0";"sem incidencia - outras saidas"
11;"5949";"34022000-000";"0";"sem incidencia - outras saidas"
11;"5949";"38085029-000";"0";"sem incidencia - outras saidas"
11;"5949";"34022000-000";"0";"sem incidencia - outras saidas"
11;"5949";"34022000-000";"0";"sem incidencia - outras saidas"
11;"5949";"38085029-000";"0";"sem incidencia - outras saidas"
11;"5949";"34022000-000";"0";"sem incidencia - outras saidas"
11;"5949";"34022000-000";"0";"sem incidencia - outras saidas"
11;"5949";"34022000-000";"0";"sem incidencia - outras saidas"
11;"5949";"38085029-000";"0";"sem incidencia - outras saidas"
11;"5949";"38085029-000";"0";"sem incidencia - outras saidas"
11;"5949";"34022000-000";"0";"sem incidencia - outras saidas"
11;"5949";"34022000-000";"0";"sem incidencia - outras saidas"
11;"5949";"38085029-000";"0";"sem incidencia - outras saidas"
11;"5949";"34022000-000";"0";"sem incidencia - outras saidas"
11;"5949";"34022000-000";"0";"sem incidencia - outras saidas"
11;"5949";"34022000-000";"0";"sem incidencia - outras saidas"
11;"5949";"38085029-000";"0";"sem incidencia - outras saidas"
11;"5949";"38085029-000";"0";"sem incidencia - outras saidas"
11;"5949";"34022000-000";"0";"sem incidencia - outras saidas"
11;"5949";"38085029-000";"0";"sem incidencia - outras saidas"
11;"5949";"38085029-000";"0";"sem incidencia - outras saidas"
11;"5949";"34022000-000";"0";"sem incidencia - outras saidas"
11;"5949";"38085029-000";"0";"sem incidencia - outras saidas"
11;"5949";"38085029-000";"0";"sem incidencia - outras saidas"
11;"5949";"34022000-000";"0";"sem incidencia - outras saidas"
11;"5949";"34022000-000";"0";"sem incidencia - outras saidas"
11;"5949";"38085029-000";"0";"sem incidencia - outras saidas"
11;"5949";"34022000-000";"0";"sem incidencia - outras saidas"
11;"5949";"34022000-000";"0";"sem incidencia - outras saidas"
11;"5949";"38085029-000";"0";"sem incidencia - outras saidas"
11;"5949";"38085029-000";"0";"sem incidencia - outras saidas"
11;"5949";"34022000-000";"0";"sem incidencia - outras saidas"
11;"5949";"34022000-000";"0";"sem incidencia - outras saidas"
11;"5949";"38085029-000";"0";"sem incidencia - outras saidas"
11;"5949";"34022000-000";"0";"sem incidencia - outras saidas"
11;"5949";"38085029-000";"0";"sem incidencia - outras saidas"
11;"5949";"38085029-000";"0";"sem incidencia - outras saidas"
11;"5949";"34022000-000";"0";"sem incidencia - outras saidas"
11;"5949";"38085029-000";"0";"sem incidencia - outras saidas"
11;"5949";"38085029-000";"0";"sem incidencia - outras saidas"
11;"5949";"34022000-000";"0";"sem incidencia - outras saidas"
11;"5949";"34022000-000";"0";"sem incidencia - outras saidas"
11;"5949";"38085029-000";"0";"sem incidencia - outras saidas"
11;"5949";"38085029-000";"0";"sem incidencia - outras saidas"
11;"5949";"38085029-000";"0";"sem incidencia - outras saidas"
11;"5949";"34022000-000";"0";"sem incidencia - outras saidas"
11;"5949";"38085029-000";"0";"sem incidencia - outras saidas"
11;"5949";"38085029-000";"0";"sem incidencia - outras saidas"
11;"5949";"34022000-000";"0";"sem incidencia - outras saidas"
11;"5949";"38085029-000";"0";"sem incidencia - outras saidas"
11;"5949";"34022000-000";"0";"sem incidencia - outras saidas"
11;"5949";"38085029-000";"0";"sem incidencia - outras saidas"
11;"5949";"34022000-000";"0";"sem incidencia - outras saidas"
11;"5949";"34022000-000";"0";"sem incidencia - outras saidas"
11;"5949";"34022000-000";"0";"sem incidencia - outras saidas"
11;"5949";"38085029-000";"0";"sem incidencia - outras saidas"
11;"5949";"38085029-000";"0";"sem incidencia - outras saidas"
11;"5949";"34022000-000";"0";"sem incidencia - outras saidas"
11;"5949";"34022000-000";"0";"sem incidencia - outras saidas"
11;"5949";"38085029-000";"0";"sem incidencia - outras saidas"
11;"5949";"34022000-000";"0";"sem incidencia - outras saidas"
14;"5101";"04061010-000";"0";"aliquota zero"
14;"5101";"04069020-000";"0";"aliquota zero"
14;"5101";"04061010-000";"0";"aliquota zero"
14;"5101";"04069020-000";"0";"aliquota zero"
14;"6101";"04041000-000";"0";"aliquota zero"
14;"6101";"04041000-000";"0";"aliquota zero"
14;"5101";"04061010-000";"0";"aliquota zero"
14;"5101";"04069020-000";"0";"aliquota zero"
14;"5101";"04061010-000";"0";"aliquota zero"
14;"5101";"04069020-000";"0";"aliquota zero"
14;"5101";"04069020-000";"0";"aliquota zero"
14;"1556";"73064000-000";"0";"tributado"
14;"2407";"29053100-000";"0";"tributado"
14;"1556";"73079900-000";"0";"tributado"
14;"6101";"04041000-000";"0";"aliquota zero"
14;"6101";"04041000-000";"0";"aliquota zero"
14;"6125";"04041000-000";"0";"tributado"
14;"6125";"04041000-000";"0";"tributado"
14;"5125";"04069020-000";"0";"tributado"
14;"5101";"04061010-000";"0";"aliquota zero"
14;"2407";"34021900-000";"0";"tributado"
14;"1556";"39172900-000";"0";"tributado"
14;"1556";"73072200-000";"0";"tributado"
14;"1556";"73071990-000";"0";"tributado"
14;"1556";"39174090-000";"0";"tributado"
14;"1556";"73072200-000";"0";"tributado"
14;"1556";"73079900-000";"0";"tributado"
14;"1556";"73071990-000";"0";"tributado"
14;"1556";"68129300-000";"0";"tributado"
14;"1556";"68129990-000";"0";"tributado"
14;"2556";"30029099-000";"0";"tributado"
14;"1556";"85044090-000";"0";"tributado"
14;"1556";"39205100-000";"0";"tributado"
14;"1556";"39206100-000";"0";"tributado"
14;"1556";"84821010-000";"0";"tributado"
14;"1556";"73181400-000";"0";"tributado"
14;"1556";"40169300-000";"0";"tributado"
14;"1556";"39269090-000";"0";"tributado"
14;"1556";"84842000-000";"0";"tributado"
14;"1556";"32081020-000";"0";"tributado"
14;"1556";"59090000-000";"0";"tributado"
14;"1556";"59090000-000";"0";"tributado"
14;"1556";"85444900-000";"0";"tributado"
14;"1556";"85153900-000";"0";"tributado"
14;"1556";"85441100-000";"0";"tributado"
14;"1556";"39206900-000";"0";"tributado"
14;"1556";"85030090-000";"0";"tributado"
14;"1556";"85030090-000";"0";"tributado"
14;"1556";"84149020-000";"0";"tributado"
14;"1556";"84139190-000";"0";"tributado"
14;"1556";"40169300-000";"0";"tributado"
14;"1556";"40169300-000";"0";"tributado"
14;"1556";"73181400-000";"0";"tributado"
14;"1556";"73181400-000";"0";"tributado"
14;"1556";"73181400-000";"0";"tributado"
14;"1556";"73181500-000";"0";"tributado"
14;"1556";"84821010-000";"0";"tributado"
14;"1556";"84821010-000";"0";"tributado"
14;"1556";"84842000-000";"0";"tributado"
14;"1556";"40169300-000";"0";"tributado"
14;"1556";"85441100-000";"0";"tributado"
14;"1556";"85444900-000";"0";"tributado"
14;"1556";"85444900-000";"0";"tributado"
14;"1556";"32081020-000";"0";"tributado"
14;"1556";"85444900-000";"0";"tributado"
14;"2556";"90275010-000";"0";"tributado"
14;"1556";"73079900-000";"0";"tributado"
14;"1556";"38140090-000";"0";"tributado"
14;"1556";"39204310-000";"0";"tributado"
14;"1556";"85364100-000";"0";"tributado"
14;"1556";"84842000-000";"0";"tributado"
14;"1556";"84842000-000";"0";"tributado"
14;"1556";"84842000-000";"0";"tributado"
14;"1556";"40103200-000";"0";"tributado"
14;"2407";"38089429-000";"0";"tributado"
14;"2407";"38089429-000";"0";"tributado"
14;"2556";"39262000-000";"0";"sem direito"
14;"1556";"44123900-000";"0";"tributado"
14;"1556";"44039900-000";"0";"tributado"
14;"1556";"73089010-000";"0";"tributado"
14;"1101";"00000000-000";"0";"tributado"
14;"1556";"85381000-000";"0";"tributado"
14;"1556";"39172300-000";"0";"tributado"
14;"1556";"61169200-000";"0";"tributado"
14;"1556";"39172300-000";"0";"tributado"
14;"5101";"04061010-000";"0";"aliquota zero"
14;"1101";"39232190-000";"0";"tributado"
14;"1101";"39232190-000";"0";"tributado"
14;"1101";"39232190-000";"0";"tributado"
14;"1101";"39232190-000";"0";"tributado"
14;"1556";"85359000-000";"0";"tributado"
14;"1556";"39172300-000";"0";"tributado"
14;"1556";"39172900-000";"0";"tributado"
14;"1556";"39269090-000";"0";"tributado"
14;"1556";"85366910-000";"0";"tributado"
14;"1556";"39259090-000";"0";"tributado"
14;"0";"0";"0";"tributado"
14;"1556";"73072200-000";"0";"tributado"
14;"1556";"73064000-000";"0";"tributado"
14;"1556";"40169300-000";"0";"tributado"
14;"1556";"84812090-000";"0";"monofasico revenda de produtos"
14;"1556";"40169300-000";"0";"tributado"
14;"1556";"68042211-000";"0";"tributado"
14;"1556";"68042211-000";"0";"tributado"
14;"1556";"83111000-000";"0";"tributado"
14;"1556";"83111000-000";"0";"tributado"
14;"1556";"85444200-000";"0";"tributado"
14;"1556";"85365090-000";"0";"tributado"
14;"1556";"85366910-000";"0";"tributado"
14;"5101";"04061010-000";"0";"aliquota zero"
14;"1556";"85444900-000";"0";"tributado"
14;"1556";"85444900-000";"0";"tributado"
14;"1556";"61169200-000";"0";"tributado"
14;"1556";"73269090-000";"0";"tributado"
14;"1556";"74071010-000";"0";"tributado"
14;"1556";"85365090-000";"0";"tributado"
14;"1556";"85365090-000";"0";"tributado"
14;"1556";"85365090-000";"0";"tributado"
14;"1556";"39162000-000";"0";"tributado"
14;"1556";"85359000-000";"0";"tributado"
14;"1556";"73259990-000";"0";"tributado"
14;"1556";"85362000-000";"0";"tributado"
14;"1556";"84819090-000";"0";"tributado"
14;"1556";"73064000-000";"0";"tributado"
14;"5101";"04061010-000";"0";"aliquota zero"
14;"5101";"04061010-000";"0";"aliquota zero"
14;"5101";"04061010-000";"0";"aliquota zero"
14;"1556";"73269090-000";"0";"tributado"
14;"1556";"85362000-000";"0";"tributado"
14;"1556";"85362000-000";"0";"tributado"
14;"1556";"85362000-000";"0";"tributado"
14;"1556";"39174090-000";"0";"tributado"
14;"1556";"90262090-000";"0";"tributado"
14;"1556";"73072200-000";"0";"tributado"
14;"1556";"73072300-000";"0";"tributado"
14;"1556";"73072900-000";"0";"tributado"
14;"1556";"84818095-000";"0";"tributado"
14;"1556";"73071910-000";"0";"tributado"
14;"1556";"84818095-000";"0";"tributado"
14;"1556";"84212100-000";"0";"tributado"
14;"1556";"73072200-000";"0";"tributado"
14;"1556";"84212100-000";"0";"tributado"
14;"1556";"39174090-000";"0";"tributado"
14;"1556";"73071910-000";"0";"tributado"
14;"1556";"73071910-000";"0";"tributado"
14;"1556";"73064000-000";"0";"tributado"
14;"1556";"39173300-000";"0";"tributado"
14;"1556";"73072200-000";"0";"tributado"
14;"1556";"39172300-000";"0";"tributado"
14;"1556";"73072900-000";"0";"tributado"
14;"1556";"73072900-000";"0";"tributado"
14;"1556";"73072300-000";"0";"tributado"
14;"1556";"73072200-000";"0";"tributado"
14;"1556";"84818095-000";"0";"tributado"
14;"1556";"73072200-000";"0";"tributado"
14;"1556";"85444900-000";"0";"tributado"
14;"1556";"39269090-000";"0";"tributado"
14;"1556";"73089010-000";"0";"tributado"
14;"1556";"39172300-000";"0";"tributado"
14;"1556";"39172900-000";"0";"tributado"
14;"1556";"39259090-000";"0";"tributado"
14;"1556";"61169200-000";"0";"tributado"
14;"1556";"73269090-000";"0";"tributado"
14;"1556";"85444900-000";"0";"tributado"
14;"1556";"39269090-000";"0";"tributado"
14;"1556";"39269090-000";"0";"tributado"
14;"1556";"39269090-000";"0";"tributado"
14;"1556";"39172300-000";"0";"tributado"
14;"1556";"39172300-000";"0";"tributado"
14;"1556";"73084000-000";"0";"tributado"
14;"1556";"73089010-000";"0";"tributado"
14;"1556";"73089010-000";"0";"tributado"
14;"1556";"39269090-000";"0";"tributado"
14;"1556";"39269090-000";"0";"tributado"
14;"1556";"73072200-000";"0";"tributado"
14;"1556";"73089010-000";"0";"tributado"
14;"1556";"73181600-000";"0";"tributado"
14;"1556";"73089010-000";"0";"tributado"
14;"1556";"73181500-000";"0";"tributado"
14;"1556";"73089010-000";"0";"tributado"
14;"1556";"73084000-000";"0";"tributado"
14;"1556";"39269090-000";"0";"tributado"
14;"1556";"39269090-000";"0";"tributado"
14;"1556";"39269090-000";"0";"tributado"
14;"1556";"39269090-000";"0";"tributado"
14;"1556";"73181500-000";"0";"tributado"
14;"1556";"39172900-000";"0";"tributado"
14;"1556";"85444900-000";"0";"tributado"
14;"1556";"39174090-000";"0";"tributado"
14;"1556";"40169300-000";"0";"tributado"
14;"1556";"39174090-000";"0";"tributado"
14;"1653";"27101932-000";"0";"sem incidencia - combustiveis"
14;"1653";"27101921-000";"0";"sem incidencia - combustiveis"
14;"1556";"73072300-000";"0";"tributado"
14;"2407";"35069190-000";"0";"tributado"
14;"2407";"27129000-000";"0";"tributado"
14;"2407";"48234000-000";"0";"tributado"
14;"1556";"87089990-000";"0";"monofasico revenda de produtos"
14;"1556";"73066100-000";"0";"tributado"
14;"1653";"27101259-000";"0";"sem incidencia - combustiveis"
14;"1653";"27101921-000";"0";"sem incidencia - combustiveis"
14;"1653";"27101921-000";"0";"sem incidencia - combustiveis"
14;"1653";"27101921-000";"0";"sem incidencia - combustiveis"
14;"1653";"27101259-000";"0";"sem incidencia - combustiveis"
14;"1653";"27101921-000";"0";"sem incidencia - combustiveis"
14;"1653";"27101921-000";"0";"sem incidencia - combustiveis"
14;"1653";"27101259-000";"0";"sem incidencia - combustiveis"
14;"1556";"73072300-000";"0";"tributado"
14;"1556";"85472090-000";"0";"tributado"
14;"2556";"39191010-000";"0";"tributado"
14;"2556";"39191010-000";"0";"tributado"
14;"2407";"73181500-000";"0";"tributado"
14;"2407";"73181600-000";"0";"tributado"
14;"1556";"72169100-000";"0";"tributado"
14;"1551";"94051099-000";"0";"tratamento via modulo de imobilizado"
14;"1551";"39174090-000";"0";"tratamento via modulo de imobilizado"
14;"2101";"39201099-000";"0";"tributado"
14;"1556";"73064000-000";"0";"tributado"
14;"1556";"68042211-000";"0";"tributado"
14;"1556";"68053090-000";"0";"tributado"
14;"1556";"73066100-000";"0";"tributado"
14;"1556";"72193400-000";"0";"tributado"
14;"1556";"84342090-000";"0";"monofasico revenda de produtos"
14;"1556";"72193400-000";"0";"tributado"
14;"1556";"84212100-000";"0";"tributado"
14;"2556";"38249979-000";"0";"tributado"
14;"2407";"29159060-000";"0";"tributado"
14;"2556";"34029039-000";"0";"tributado"
14;"2556";"38249979-000";"0";"tributado"
14;"1556";"85365090-000";"0";"tributado"
14;"1556";"85365090-000";"0";"tributado"
14;"1556";"85359000-000";"0";"tributado"
14;"1556";"54026900-000";"0";"tributado"
14;"1556";"54026900-000";"0";"tributado"
14;"1556";"85359000-000";"0";"tributado"
14;"1556";"85359000-000";"0";"tributado"
14;"1556";"54026900-000";"0";"tributado"
14;"1556";"39269090-000";"0";"tributado"
14;"1556";"39162000-000";"0";"tributado"
14;"1556";"85362000-000";"0";"tributado"
14;"1556";"85359000-000";"0";"tributado"
14;"1556";"85044050-000";"0";"tributado"
14;"1556";"84137080-000";"0";"tributado"
14;"1556";"84672999-000";"0";"tributado"
14;"1556";"28151200-000";"0";"tributado"
14;"1556";"90328982-000";"0";"tributado"
14;"2556";"39262000-000";"0";"sem direito"
14;"2101";"39209990-000";"0";"tributado"
14;"2556";"38140090-000";"0";"tributado"
14;"1556";"84669490-000";"0";"tributado"
14;"2556";"40169300-000";"0";"tributado"
14;"2556";"84389000-000";"0";"tributado"
14;"2556";"84389000-000";"0";"tributado"
14;"2556";"84389000-000";"0";"tributado"
14;"2556";"73202090-000";"0";"tributado"
14;"1556";"73269090-000";"0";"tributado"
14;"1556";"73269090-000";"0";"tributado"
14;"1101";"39232190-000";"0";"tributado"
14;"1556";"39172900-000";"0";"tributado"
14;"1556";"42032900-000";"0";"tributado"
14;"1556";"42032900-000";"0";"tributado"
14;"1556";"39269090-000";"0";"tributado"
14;"1556";"85472090-000";"0";"tributado"
14;"1556";"40151900-000";"0";"tributado"
14;"1556";"40151900-000";"0";"tributado"
14;"1556";"40151900-000";"0";"tributado"
14;"1556";"40151900-000";"0";"tributado"
14;"1556";"40151900-000";"0";"tributado"
14;"1556";"40151900-000";"0";"tributado"
14;"1556";"85359000-000";"0";"tributado"
14;"1556";"39174090-000";"0";"tributado"
14;"1556";"85366990-000";"0";"tributado"
14;"1556";"85366990-000";"0";"tributado"
14;"1556";"39269090-000";"0";"tributado"
14;"1556";"39172300-000";"0";"tributado"
14;"1556";"85444900-000";"0";"tributado"
14;"1556";"39174090-000";"0";"tributado"
14;"1556";"73259990-000";"0";"tributado"
14;"2556";"70179000-000";"0";"tributado"
14;"2556";"38210000-000";"0";"tributado"
14;"2556";"70179000-000";"0";"tributado"
14;"1556";"85366910-000";"0";"tributado"
14;"1556";"73089010-000";"0";"tributado"
14;"1556";"39269090-000";"0";"tributado"
14;"1556";"73072200-000";"0";"tributado"
14;"1556";"73089010-000";"0";"tributado"
14;"1556";"39269090-000";"0";"tributado"
14;"1556";"73089010-000";"0";"tributado"
14;"1556";"73181500-000";"0";"tributado"
14;"1556";"73089010-000";"0";"tributado"
14;"1556";"73084000-000";"0";"tributado"
14;"1556";"73084000-000";"0";"tributado"
14;"1556";"73089010-000";"0";"tributado"
14;"1556";"74071010-000";"0";"tributado"
14;"1556";"85365090-000";"0";"tributado"
14;"1556";"85365090-000";"0";"tributado"
14;"1556";"85365090-000";"0";"tributado"
14;"1556";"39162000-000";"0";"tributado"
14;"1556";"85359000-000";"0";"tributado"
14;"1556";"85359000-000";"0";"tributado"
14;"1556";"85359000-000";"0";"tributado"
14;"1556";"85359000-000";"0";"tributado"
14;"1556";"85362000-000";"0";"tributado"
14;"1556";"85362000-000";"0";"tributado"
14;"1556";"85362000-000";"0";"tributado"
14;"0";"0";"0";"tributado"
14;"1556";"85362000-000";"0";"tributado"
14;"1556";"85381000-000";"0";"tributado"
14;"1556";"39174090-000";"0";"tributado"
14;"1556";"73181600-000";"0";"tributado"
14;"2407";"22071090-000";"0";"monofasico revenda de produtos"
14;"2407";"22071010-000";"0";"monofasico revenda de produtos"
14;"1556";"40151900-000";"0";"tributado"
14;"1556";"40151900-000";"0";"tributado"
14;"1556";"64019200-000";"0";"tributado"
14;"1556";"64039990-000";"0";"tributado"
14;"1556";"64039190-000";"0";"tributado"
14;"1556";"64034000-000";"0";"tributado"
14;"1556";"64059000-000";"0";"tributado"
14;"1556";"64039990-000";"0";"tributado"
14;"0";"0";"0";"tributado"
14;"0";"0";"0";"tributado"
14;"2407";"29041020-000";"0";"tributado"
14;"2407";"22071090-000";"0";"monofasico revenda de produtos"
14;"2407";"32041220-000";"0";"tributado"
14;"1556";"73072200-000";"0";"tributado"
14;"1556";"73072200-000";"0";"tributado"
14;"1556";"73181900-000";"0";"tributado"
14;"1556";"73072200-000";"0";"tributado"
14;"1556";"73181600-000";"0";"tributado"
14;"1556";"73072200-000";"0";"tributado"
14;"1556";"73079900-000";"0";"tributado"
14;"1556";"73079900-000";"0";"tributado"
14;"5101";"04061010-000";"0";"aliquota zero"
14;"1556";"84818097-000";"0";"tributado"
14;"1556";"84818097-000";"0";"tributado"
14;"1556";"73072200-000";"0";"tributado"
14;"1556";"73072200-000";"0";"tributado"
14;"1556";"84818097-000";"0";"tributado"
14;"1556";"73079900-000";"0";"tributado"
14;"1556";"84818097-000";"0";"tributado"
14;"1101";"68053090-000";"0";"tributado"
14;"1556";"40169300-000";"0";"tributado"
14;"1556";"85359000-000";"0";"tributado"
14;"1556";"85362000-000";"0";"tributado"
14;"1556";"85362000-000";"0";"tributado"
14;"0";"0";"0";"tributado"
14;"0";"0";"0";"tributado"
14;"0";"0";"0";"tributado"
14;"5101";"04069020-000";"0";"aliquota zero"
14;"2556";"34029039-000";"0";"tributado"
14;"1556";"85369090-000";"0";"tributado"
14;"1556";"85362000-000";"0";"tributado"
14;"1556";"85444200-000";"0";"tributado"
14;"1556";"84818094-000";"0";"tributado"
14;"1556";"85444900-000";"0";"tributado"
14;"1556";"85444900-000";"0";"tributado"
14;"1556";"85365090-000";"0";"tributado"
14;"1556";"85365090-000";"0";"tributado"
14;"1556";"76169900-000";"0";"tributado"
14;"1556";"84818095-000";"0";"tributado"
14;"1556";"39173210-000";"0";"tributado"
14;"5101";"04061010-000";"0";"aliquota zero"
14;"5101";"04069020-000";"0";"aliquota zero"
14;"5101";"04061010-000";"0";"aliquota zero"
14;"0";"0";"0";"tributado"
14;"0";"0";"0";"tributado"
14;"0";"0";"0";"tributado"
14;"5101";"04061010-000";"0";"aliquota zero"
14;"5101";"04061010-000";"0";"aliquota zero"
14;"5101";"04069020-000";"0";"aliquota zero"
14;"5101";"04061010-000";"0";"aliquota zero"
14;"5101";"04069020-000";"0";"aliquota zero"
14;"5101";"04061010-000";"0";"aliquota zero"
14;"1556";"39173100-000";"0";"tributado"
14;"1556";"39173290-000";"0";"tributado"
14;"1556";"74122000-000";"0";"tributado"
14;"1201";"04061010-000";"0";"aliquota zero"
14;"1201";"04069020-000";"0";"aliquota zero"
14;"1201";"04061010-000";"0";"aliquota zero"
14;"5101";"04069020-000";"0";"aliquota zero"
14;"1556";"40169300-000";"0";"tributado"
14;"1556";"73181500-000";"0";"tributado"
14;"1556";"39206900-000";"0";"tributado"
14;"1556";"39204310-000";"0";"tributado"
14;"1556";"39204310-000";"0";"tributado"
14;"1556";"39174090-000";"0";"tributado"
14;"1556";"39174090-000";"0";"tributado"
14;"1201";"04061010-000";"0";"aliquota zero"
14;"1556";"85118010-000";"0";"monofasico revenda de produtos"
14;"1556";"84818095-000";"0";"tributado"
14;"1556";"39174090-000";"0";"tributado"
14;"1556";"40103200-000";"0";"tributado"
14;"1556";"40103200-000";"0";"tributado"
14;"1556";"85045000-000";"0";"tributado"
14;"1556";"85366990-000";"0";"tributado"
14;"1556";"84149034-000";"0";"tributado"
14;"0";"0";"0";"sem incidencia - servicos"
14;"1556";"73071990-000";"0";"tributado"
14;"1556";"39174090-000";"0";"tributado"
14;"1101";"48191000-000";"0";"tributado"
14;"2201";"04041000-000";"0";"aliquota zero"
14;"2201";"04041000-000";"0";"aliquota zero"
14;"1556";"#N/D";"0";"sem direito"
14;"5101";"04061010-000";"0";"aliquota zero"
14;"1556";"85369090-000";"0";"tributado"
14;"2556";"30029099-000";"0";"tributado"
14;"1202";"04012090-000";"0";"suspensao"
14;"1202";"04012090-000";"0";"suspensao"
14;"1556";"85365090-000";"0";"tributado"
14;"1556";"85365090-000";"0";"tributado"
14;"1556";"85044050-000";"0";"tributado"
14;"1556";"85365090-000";"0";"tributado"
14;"2201";"04041000-000";"0";"aliquota zero"
14;"2201";"04041000-000";"0";"aliquota zero"
14;"2407";"73181600-000";"0";"tributado"
14;"2407";"68042211-000";"0";"tributado"
14;"2407";"35069190-000";"0";"tributado"
14;"2556";"73181500-000";"0";"tributado"
14;"0";"0";"0";"sem incidencia - servicos"
14;"1556";"73269090-000";"0";"tributado"
14;"1556";"73181600-000";"0";"tributado"
14;"1556";"73181600-000";"0";"tributado"
14;"1556";"28141000-000";"0";"tributado"
14;"2556";"79039000-000";"0";"tributado"
14;"2556";"38249939-000";"0";"tributado"
14;"2556";"40169300-000";"0";"tributado"
14;"1556";"39172300-000";"0";"tributado"
14;"1556";"73064000-000";"0";"tributado"
14;"1556";"84149034-000";"0";"tributado"
14;"1556";"84679900-000";"0";"tributado"
14;"1556";"39174090-000";"0";"tributado"
14;"1556";"73071910-000";"0";"tributado"
14;"1556";"39174090-000";"0";"tributado"
14;"1556";"85472090-000";"0";"tributado"
14;"1556";"72169100-000";"0";"tributado"
14;"1556";"39174090-000";"0";"tributado"
14;"1556";"39174090-000";"0";"tributado"
14;"1556";"39174090-000";"0";"tributado"
14;"1556";"85168010-000";"0";"tributado"
14;"1556";"73151900";"0";"sem direito"
14;"1556";"96131000";"0";"sem direito"
14;"1556";"07020000";"0";"sem direito"
14;"1556";"22019000";"0";"sem direito"
14;"1556";"21069090";"0";"sem direito"
14;"1556";"48232099";"0";"sem direito"
14;"1556";"39232110";"0";"sem direito"
14;"1556";"10062010";"0";"sem direito"
14;"1556";"73231000";"0";"sem direito"
14;"1556";"73231000";"0";"sem direito"
14;"1556";"11081200";"0";"sem direito"
14;"1556";"90300100";"0";"sem direito"
14;"1556";"22090000";"0";"sem direito"
14;"1556";"22011000";"0";"sem direito"
14;"1556";"70049000";"0";"sem direito"
14;"1556";"71029000";"0";"sem direito"
14;"1556";"90300100";"0";"sem direito"
14;"1556";"38089429";"0";"sem direito"
14;"1556";"71029000";"0";"sem direito"
14;"1551";"73181500-000";"0";"tratamento via modulo de imobilizado"
14;"1556";"22011000";"0";"sem direito"
14;"1556";"90300100";"0";"sem direito"
14;"1556";"39259090";"0";"sem direito"
14;"1556";"25010020";"0";"sem direito"
14;"1551";"73089090-000";"0";"tratamento via modulo de imobilizado"
14;"1551";"39173290-000";"0";"tratamento via modulo de imobilizado"
14;"1551";"73089090-000";"0";"tratamento via modulo de imobilizado"
14;"1551";"39172300-000";"0";"tratamento via modulo de imobilizado"
14;"0";"0";"0";"sem incidencia - servicos"
14;"5102";"04012090-000";"0";"suspensao"
14;"5102";"04012090-000";"0";"suspensao"
14;"6101";"04015029-000";"0";"tributado"
14;"6101";"04015029-000";"0";"tributado"
14;"5102";"04012090-000";"0";"suspensao"
14;"5102";"04012090-000";"0";"suspensao"
14;"5125";"04069020-000";"0";"tributado"
14;"5125";"04069020-000";"0";"tributado"
14;"1556";"73269090-000";"0";"tributado"
14;"1556";"84312090";"0";"sem direito"
14;"1556";"73269090-000";"0";"tributado"
14;"1556";"72193400-000";"0";"tributado"
14;"1551";"72142000-000";"0";"tratamento via modulo de imobilizado"
14;"1551";"39172300-000";"0";"tratamento via modulo de imobilizado"
14;"0";"0";"0";"tributado"
14;"0";"0";"0";"sem incidencia - servicos"
14;"6101";"04022130-000";"0";"tributado"
14;"5101";"04061010-000";"0";"aliquota zero"
14;"1551";"84342010-000";"0";"tratamento via modulo de imobilizado"
14;"1551";"84342010-000";"0";"tratamento via modulo de imobilizado"
14;"1556";"28151200-000";"0";"tributado"
14;"1556";"84139190-000";"0";"tributado"
14;"1551";"84342010-000";"0";"tratamento via modulo de imobilizado"
14;"1551";"84342010-000";"0";"tratamento via modulo de imobilizado"
14;"1551";"39172300-000";"0";"tratamento via modulo de imobilizado"
14;"1551";"39172300-000";"0";"tratamento via modulo de imobilizado"
14;"1551";"39174090-000";"0";"tratamento via modulo de imobilizado"
14;"1551";"39174090-000";"0";"tratamento via modulo de imobilizado"
14;"1551";"96082000-000";"0";"tratamento via modulo de imobilizado"
14;"1551";"39172300-000";"0";"tratamento via modulo de imobilizado"
14;"1551";"39174090-000";"0";"tratamento via modulo de imobilizado"
14;"1551";"73071990-000";"0";"tratamento via modulo de imobilizado"
14;"5101";"04069020-000";"0";"aliquota zero"
14;"5101";"04061010-000";"0";"aliquota zero"
14;"5101";"04069020-000";"0";"aliquota zero"
14;"1556";"90900000";"0";"sem direito"
14;"1556";"90900000";"0";"sem direito"
14;"1556";"21069010";"0";"sem direito"
14;"1556";"20029090";"0";"sem direito"
14;"5101";"04061010-000";"0";"aliquota zero"
14;"1556";"85444900-000";"0";"tributado"
14;"1556";"85444900-000";"0";"tributado"
14;"1556";"20610000";"0";"sem direito"
14;"1407";"40112090";"0";"sem direito"
14;"0";"0";"0";"sem incidencia - servicos"
14;"6101";"04041000-000";"0";"aliquota zero"
14;"6101";"04041000-000";"0";"aliquota zero"
14;"5125";"04069020-000";"0";"tributado"
14;"5125";"04069020-000";"0";"tributado"
14;"5125";"04069020-000";"0";"tributado"
14;"1653";"27101921-000";"0";"sem incidencia - combustiveis"
14;"0";"0";"0";"sem incidencia - servicos"
14;"0";"0";"0";"sem incidencia - servicos"
14;"0";"0";"0";"sem incidencia - servicos"
14;"0";"0";"0";"sem incidencia - servicos"
14;"0";"0";"0";"sem incidencia - servicos"
14;"0";"0";"0";"sem incidencia - servicos"
14;"0";"0";"0";"sem incidencia - servicos"
14;"5125";"04069020-000";"0";"tributado"
14;"5101";"04061010-000";"0";"aliquota zero"
14;"5125";"04069020-000";"0";"tributado"
14;"1653";"27101932-000";"0";"sem incidencia - combustiveis"
14;"1551";"82055900-000";"0";"tratamento via modulo de imobilizado"
14;"1551";"39174090-000";"0";"tratamento via modulo de imobilizado"
14;"1551";"82075011-000";"0";"tratamento via modulo de imobilizado"
14;"1551";"73071990-000";"0";"tratamento via modulo de imobilizado"
14;"1551";"73071910-000";"0";"tratamento via modulo de imobilizado"
14;"0";"0";"0";"sem incidencia - servicos"
14;"1556";"32081020";"0";"sem direito"
14;"0";"0";"0";"sem incidencia - servicos"
14;"0";"0";"0";"sem incidencia - servicos"
14;"5125";"04069020-000";"0";"tributado"
14;"5125";"04069020-000";"0";"tributado"
14;"1551";"83011000-000";"0";"tratamento via modulo de imobilizado"
14;"1551";"85381000-000";"0";"tratamento via modulo de imobilizado"
14;"1551";"39172300-000";"0";"tratamento via modulo de imobilizado"
14;"1551";"39172300-000";"0";"tratamento via modulo de imobilizado"
14;"1551";"39172300-000";"0";"tratamento via modulo de imobilizado"
14;"1551";"39174090-000";"0";"tratamento via modulo de imobilizado"
14;"1556";"39232190";"0";"sem direito"
14;"1556";"39249000";"0";"sem direito"
14;"1556";"96039000";"0";"sem direito"
14;"1556";"96039000";"0";"sem direito"
14;"1556";"39241000";"0";"sem direito"
14;"1407";"63071000";"0";"sem direito"
14;"1407";"48181000";"0";"sem direito"
14;"1556";"39232110";"0";"sem direito"
14;"1556";"28272090";"0";"sem direito"
14;"6101";"04022130-000";"0";"tributado"
14;"1407";"68053090";"0";"sem direito"
14;"1556";"34022000";"0";"sem direito"
14;"1101";"28272090-000";"0";"tributado"
14;"1556";"96039000";"0";"sem direito"
14;"1551";"39174090-000";"0";"tratamento via modulo de imobilizado"
14;"1407";"68053090";"0";"sem direito"
14;"1551";"73071990-000";"0";"tratamento via modulo de imobilizado"
14;"1551";"69089000-000";"0";"tratamento via modulo de imobilizado"
14;"1551";"82041200-000";"0";"tratamento via modulo de imobilizado"
14;"1551";"35069110-000";"0";"tratamento via modulo de imobilizado"
14;"1551";"68042211-000";"0";"tratamento via modulo de imobilizado"
14;"1551";"54026900-000";"0";"tratamento via modulo de imobilizado"
14;"1551";"54026900-000";"0";"tratamento via modulo de imobilizado"
14;"1556";"99999999";"0";"sem direito"
14;"1551";"39174090-000";"0";"tratamento via modulo de imobilizado"
14;"1551";"73071990-000";"0";"tratamento via modulo de imobilizado"
14;"1556";"27111910";"0";"sem direito"
14;"1556";"15079011";"0";"sem direito"
14;"1556";"71333109";"0";"sem direito"
14;"1556";"90121000";"0";"sem direito"
14;"1352";"00000000-000";"2";"tributado"
14;"1352";"00000000-000";"2";"tributado"
14;"0";"0";"0";"sem incidencia - servicos"
14;"2101";"60053500-000";"0";"tributado"
14;"1556";"85381000-000";"0";"tributado"
14;"1551";"39174090-000";"0";"tratamento via modulo de imobilizado"
14;"1551";"39174090-000";"0";"tratamento via modulo de imobilizado"
14;"1551";"39172300-000";"0";"tratamento via modulo de imobilizado"
14;"1551";"39174090-000";"0";"tratamento via modulo de imobilizado"
14;"1551";"73071990-000";"0";"tratamento via modulo de imobilizado"
14;"1551";"39174090-000";"0";"tratamento via modulo de imobilizado"
14;"1551";"73071990-000";"0";"tratamento via modulo de imobilizado"
14;"1551";"73071990-000";"0";"tratamento via modulo de imobilizado"
14;"1551";"73181200-000";"0";"tratamento via modulo de imobilizado"
14;"1551";"73071990-000";"0";"tratamento via modulo de imobilizado"
14;"1551";"73181600-000";"0";"tratamento via modulo de imobilizado"
14;"1551";"84818095-000";"0";"tratamento via modulo de imobilizado"
14;"1352";"00000000-000";"2";"tributado"
14;"1352";"00000000-000";"2";"tributado"
14;"1352";"00000000-000";"2";"tributado"
14;"0";"0";"0";"sem incidencia - servicos"
14;"1556";"39172300-000";"0";"tributado"
14;"1551";"84818095-000";"0";"tratamento via modulo de imobilizado"
14;"1551";"84818095-000";"0";"tratamento via modulo de imobilizado"
14;"1352";"00000000-000";"2";"tributado"
14;"1352";"00000000-000";"2";"tributado"
14;"1556";"76061190";"0";"sem direito"
14;"1352";"00000000-000";"2";"tributado"
14;"1352";"00000000-000";"2";"tributado"
14;"1352";"00000000-000";"2";"tributado"
14;"1352";"00000000-000";"2";"tributado"
14;"1352";"00000000-000";"2";"tributado"
14;"1352";"00000000-000";"2";"tributado"
14;"1352";"00000000-000";"2";"tributado"
14;"1352";"00000000-000";"2";"tributado"
14;"1352";"00000000-000";"2";"tributado"
14;"1352";"00000000-000";"2";"tributado"
14;"1352";"00000000-000";"2";"tributado"
14;"1352";"00000000-000";"2";"tributado"
14;"1352";"00000000-000";"2";"tributado"
14;"1556";"29033911";"0";"sem direito"
14;"1556";"28042100-000";"0";"tributado"
14;"1556";"28042100-000";"0";"tributado"
14;"1556";"28042100-000";"0";"tributado"
14;"1556";"28042100-000";"0";"tributado"
14;"1556";"85389090-000";"0";"tributado"
14;"1556";"28043000";"0";"sem direito"
14;"1556";"78060010";"0";"sem direito"
14;"1556";"85362000-000";"0";"tributado"
14;"1556";"85359000-000";"0";"tributado"
14;"2407";"32081010-000";"0";"tributado"
14;"2556";"68042211-000";"0";"tributado"
14;"2556";"68042211-000";"0";"tributado"
14;"1556";"68051000";"0";"sem direito"
14;"1556";"27101932";"0";"sem direito"
14;"1556";"99999999";"0";"sem direito"
14;"1556";"99999999";"0";"sem direito"
14;"1556";"99999999";"0";"sem direito"
14;"1556";"84821010";"0";"sem direito"
14;"1556";"87085099";"0";"sem direito"
14;"1556";"84821010";"0";"sem direito"
14;"1556";"73182900";"0";"sem direito"
14;"1556";"73261900";"0";"sem direito"
14;"1556";"85354090";"0";"sem direito"
14;"1556";"85354090";"0";"sem direito"
14;"1556";"40169300";"0";"sem direito"
14;"1352";"00000000-000";"2";"tributado"
14;"1352";"00000000-000";"2";"tributado"
14;"2352";"00000000-000";"2";"tributado"
14;"1352";"00000000-000";"2";"tributado"
14;"1352";"00000000-000";"2";"tributado"
14;"1352";"00000000-000";"2";"tributado"
14;"1352";"00000000-000";"2";"tributado"
14;"1352";"00000000-000";"2";"tributado"
14;"1352";"00000000-000";"2";"tributado"
14;"1352";"00000000-000";"2";"tributado"
14;"1352";"00000000-000";"2";"tributado"
14;"2352";"00000000-000";"2";"tributado"
14;"1352";"00000000-000";"2";"tributado"
14;"1352";"00000000-000";"2";"tributado"
14;"1352";"00000000-000";"2";"tributado"
14;"1556";"85369090";"0";"sem direito"
14;"0";"0";"0";"tributado"
14;"0";"0";"0";"sem incidencia - servicos"
14;"1556";"39100029";"0";"sem direito"
14;"1556";"87085090";"0";"sem direito"
14;"1556";"82041100";"0";"sem direito"
14;"1556";"73261900";"0";"sem direito"
14;"1556";"73181600";"0";"sem direito"
14;"1556";"90261029";"0";"sem direito"
14;"1556";"85072010";"0";"sem direito"
14;"2551";"25174900-000";"0";"tratamento via modulo de imobilizado"
14;"2551";"25174900-000";"0";"tratamento via modulo de imobilizado"
14;"2551";"39095011-000";"0";"tratamento via modulo de imobilizado"
14;"2551";"25174900-000";"0";"tratamento via modulo de imobilizado"
14;"2551";"39095011-000";"0";"tratamento via modulo de imobilizado"
14;"1653";"27101921-000";"0";"tributado"
14;"1556";"22042900";"0";"sem direito"
14;"1556";"19030000";"0";"sem direito"
14;"1556";"71029000";"0";"sem direito"
14;"1556";"11010010";"0";"sem direito"
14;"1556";"20071000";"0";"sem direito"
14;"1556";"20071000";"0";"sem direito"
14;"1556";"20071000";"0";"sem direito"
14;"1556";"20071000";"0";"sem direito"
14;"1556";"11043000";"0";"sem direito"
14;"1556";"10062010";"0";"sem direito"
14;"1556";"17019900";"0";"sem direito"
14;"1556";"22029000";"0";"sem direito"
14;"0";"0";"0";"sem incidencia - servicos"
14;"1556";"00000000";"0";"sem direito"
14;"0";"0";"0";"sem incidencia - servicos"
14;"0";"0";"0";"sem incidencia - servicos"
14;"0";"0";"0";"sem incidencia - servicos"
14;"0";"0";"0";"sem incidencia - servicos"
14;"2407";"34029019-000";"0";"tributado"
14;"1556";"16020000";"0";"sem direito"
14;"1556";"16010000";"0";"sem direito"
14;"1556";"02101900";"0";"sem direito"
14;"1556";"16010000";"0";"sem direito"
14;"1653";"27101921-000";"0";"sem incidencia - combustiveis"
14;"1653";"27101921-000";"0";"sem incidencia - combustiveis"
14;"1653";"27101921-000";"0";"sem incidencia - combustiveis"
14;"1653";"27101921-000";"0";"sem incidencia - combustiveis"
14;"1556";"21041011";"0";"sem direito"
14;"1556";"39232190";"0";"sem direito"
14;"1653";"27101921-000";"0";"sem incidencia - combustiveis"
14;"1556";"20029090";"0";"sem direito"
14;"1556";"19012000";"0";"sem direito"
14;"1556";"80111100";"0";"sem direito"
14;"1556";"32041700";"0";"sem direito"
14;"1556";"07061000";"0";"sem direito"
14;"1556";"70310109";"0";"sem direito"
14;"1556";"70619000";"0";"sem direito"
14;"1556";"70190000";"0";"sem direito"
14;"1556";"71420000";"0";"sem direito"
14;"1556";"80300000";"0";"sem direito"
14;"1556";"70320900";"0";"sem direito"
14;"1556";"71008000";"0";"sem direito"
14;"1556";"71290900";"0";"sem direito"
14;"1556";"07090600";"0";"sem direito"
14;"1556";"07020000";"0";"sem direito"
14;"2407";"34021900-000";"0";"tributado"
14;"1556";"70490000";"0";"sem direito"
14;"0";"0";"0";"sem incidencia - servicos"
14;"0";"0";"0";"sem incidencia - servicos"
14;"5949";"04069020-000";"0";"sem incidencia - outras saidas"
14;"1653";"27101921-000";"0";"sem incidencia - combustiveis"
14;"1653";"27101921-000";"0";"sem incidencia - combustiveis"
14;"1653";"27101921-000";"0";"sem incidencia - combustiveis"
14;"6949";"04069020-000";"0";"sem incidencia - outras saidas"
14;"1653";"27101259-000";"0";"sem incidencia - combustiveis"
14;"6949";"04069020-000";"0";"sem incidencia - outras saidas"
14;"1653";"27101921-000";"0";"sem incidencia - combustiveis"
14;"1653";"27101932-000";"0";"sem incidencia - combustiveis"
14;"1653";"27101921-000";"0";"sem incidencia - combustiveis"
14;"2551";"84212990-000";"0";"tratamento via modulo de imobilizado"
14;"2551";"84212920-000";"0";"tratamento via modulo de imobilizado"
14;"2551";"84211110-000";"0";"tratamento via modulo de imobilizado"
14;"1556";"73071990-000";"0";"tributado"
14;"2101";"39201099-000";"0";"tributado"
14;"2101";"39209990-000";"0";"tributado"
14;"5949";"04069020-000";"0";"sem incidencia - outras saidas"
14;"1101";"39239000-000";"0";"tributado"
14;"1556";"85444900-000";"0";"tributado"
14;"1556";"85444900-000";"0";"tributado"
14;"1556";"85444200-000";"0";"tributado"
14;"1556";"85444900-000";"0";"tributado"
14;"1556";"85444200-000";"0";"tributado"
14;"1556";"90328982-000";"0";"tributado"
14;"1352";"00000000-000";"2";"tributado"
14;"1556";"40081100-000";"0";"tributado"
14;"1653";"27101921-000";"0";"sem incidencia - combustiveis"
14;"1556";"39269090-000";"0";"tributado"
14;"1556";"73269090-000";"0";"tributado"
14;"1556";"73181500";"0";"sem direito"
14;"0";"0";"0";"tributado"
14;"2352";"00000000-000";"2";"tributado"
14;"1352";"00000000-000";"2";"tributado"
14;"1352";"00000000-000";"2";"tributado"
14;"1556";"73066100-000";"0";"tributado"
14;"1556";"73069020-000";"0";"tributado"
14;"1101";"39239000-000";"0";"tributado"
14;"1202";"04012090-000";"0";"suspensao"
14;"1202";"04012090-000";"0";"suspensao"
14;"1202";"04012090-000";"0";"suspensao"
14;"0";"0";"0";"tributado"
14;"5949";"04069020-000";"0";"sem incidencia - outras saidas"
14;"5949";"15220000-000";"0";"sem incidencia - outras saidas"
14;"2556";"38210000-000";"0";"tributado"
14;"2556";"39269040-000";"0";"tributado"
14;"2101";"39239000-000";"0";"tributado"
14;"1653";"27101921-000";"0";"tributado"
14;"1252";"27160000-000";"0";"tributado"
14;"1352";"00000000-000";"2";"tributado"
14;"1556";"64039990-000";"0";"tributado"
14;"1556";"64034000-000";"0";"tributado"
14;"1556";"42032900-000";"0";"tributado"
14;"1556";"61161000-000";"0";"tributado"
14;"5949";"04069020-000";"0";"sem incidencia - outras saidas"
14;"5949";"15220000-000";"0";"sem incidencia - outras saidas"
14;"5949";"15220000-000";"0";"sem incidencia - outras saidas"
14;"2407";"38089919-000";"0";"tributado"
14;"2556";"29053100-000";"0";"tributado"
14;"2407";"29041020-000";"0";"tributado"
14;"2407";"29041020-000";"0";"tributado"
14;"5949";"04069020-000";"0";"sem incidencia - outras saidas"
11;"1556";"71333109";"0";"sem direito"
14;"5949";"04069020-000";"0";"sem incidencia - outras saidas"
14;"5101";"04061010-000";"0";"aliquota zero"
14;"5101";"04061010-000";"0";"aliquota zero"
14;"1101";"39191090-000";"0";"tributado"
14;"0";"0";"0";"sem incidencia - servicos"
14;"5101";"04061010-000";"0";"aliquota zero"
14;"5101";"04069020-000";"0";"aliquota zero"
14;"1551";"00000000-000";"0";"tratamento via modulo de imobilizado"
14;"1551";"00000000-000";"0";"tratamento via modulo de imobilizado"
14;"1551";"00000000-000";"0";"tratamento via modulo de imobilizado"
14;"1556";"48114110";"0";"sem direito"
14;"1556";"48114110";"0";"sem direito"
14;"1556";"48114110";"0";"sem direito"
14;"1551";"25232910-000";"0";"tratamento via modulo de imobilizado"
14;"1556";"32149000";"0";"sem direito"
14;"1556";"84661000";"0";"sem direito"
14;"1556";"39259090";"0";"sem direito"
14;"1556";"39095019";"0";"sem direito"
14;"1556";"82054000";"0";"sem direito"
14;"1551";"73269090-000";"0";"tratamento via modulo de imobilizado"
14;"1556";"73071990";"0";"sem direito"
14;"1556";"48114110";"0";"sem direito"
14;"1551";"39173100-000";"0";"tratamento via modulo de imobilizado"
14;"1551";"73071910-000";"0";"tratamento via modulo de imobilizado"
14;"1556";"82029990";"0";"sem direito"
14;"1556";"32149000";"0";"sem direito"
14;"1551";"25171000-000";"0";"tratamento via modulo de imobilizado"
14;"1551";"32149000-000";"0";"tratamento via modulo de imobilizado"
14;"1556";"73170090";"0";"sem direito"
14;"1556";"73071910";"0";"sem direito"
14;"1551";"25059000-000";"0";"tratamento via modulo de imobilizado"
14;"1551";"32149000-000";"0";"tratamento via modulo de imobilizado"
14;"1551";"73071910-000";"0";"tratamento via modulo de imobilizado"
14;"1551";"76161000-000";"0";"tratamento via modulo de imobilizado"
14;"1551";"32149000-000";"0";"tratamento via modulo de imobilizado"
14;"1551";"39172300-000";"0";"tratamento via modulo de imobilizado"
14;"1551";"68042211-000";"0";"tratamento via modulo de imobilizado"
14;"1551";"68042211-000";"0";"tratamento via modulo de imobilizado"
14;"2352";"00000000-000";"2";"tributado"
14;"1556";"20714000";"0";"sem direito"
14;"1556";"20712000";"0";"sem direito"
14;"1556";"20714000";"0";"sem direito"
14;"1556";"16010000";"0";"sem direito"
14;"1556";"20714000";"0";"sem direito"
14;"1556";"20712000";"0";"sem direito"
14;"1556";"15179090";"0";"sem direito"
14;"1201";"04061010-000";"0";"aliquota zero"
14;"5101";"04069020-000";"0";"aliquota zero"
14;"5101";"04061010-000";"0";"aliquota zero"
14;"5101";"04061010-000";"0";"aliquota zero"
14;"5101";"04069020-000";"0";"aliquota zero"
14;"5101";"04061010-000";"0";"aliquota zero"
14;"5101";"04061010-000";"0";"aliquota zero"
14;"5101";"04061010-000";"0";"aliquota zero"
14;"5101";"04061010-000";"0";"aliquota zero"
14;"1556";"82119400-000";"0";"tributado"
14;"1556";"40169300-000";"0";"tributado"
14;"1556";"40169300-000";"0";"tributado"
14;"1556";"84818095-000";"0";"tributado"
14;"1556";"73079100-000";"0";"tributado"
14;"1556";"73071990-000";"0";"tributado"
14;"1556";"73269090-000";"0";"tributado"
14;"1556";"73269090-000";"0";"tributado"
14;"1556";"73181500-000";"0";"tributado"
14;"1556";"73181600-000";"0";"tributado"
14;"0";"0";"0";"sem incidencia - servicos"
14;"1949";"28042100";"0";"sem incidencia - outras entradas"
14;"0";"0";"0";"tributado"
14;"5125";"04069020-000";"0";"tributado"
14;"5125";"04069020-000";"0";"tributado"
14;"5101";"04069020-000";"0";"aliquota zero"
14;"5101";"04061010-000";"0";"aliquota zero"
14;"5101";"04061010-000";"0";"aliquota zero"
14;"5101";"04061010-000";"0";"aliquota zero"
14;"1556";"38085029-000";"0";"tributado"
14;"1556";"38085029-000";"0";"tributado"
14;"1556";"34022000-000";"0";"tributado"
14;"1556";"34022000-000";"0";"tributado"
14;"1556";"28080010-000";"0";"tributado"
14;"1556";"28289011-000";"0";"tributado"
14;"5101";"04069020-000";"0";"aliquota zero"
14;"5101";"04061010-000";"0";"aliquota zero"
14;"2556";"28323020-000";"0";"tributado"
14;"2556";"28352980-000";"0";"tributado"
14;"2556";"38249941-000";"0";"tributado"
14;"0";"0";"0";"sem incidencia - servicos"
11;"0";"0";"0";"sem incidencia - servicos"
14;"1556";"85366100";"0";"sem direito"
14;"1556";"90183119";"0";"sem direito"
14;"1556";"30049079";"0";"sem direito"
14;"1556";"33072010";"0";"sem direito"
14;"1556";"30049029";"0";"sem direito"
14;"1556";"30051090";"0";"sem direito"
14;"1933";"00000000-000";"0";"sem incidencia - servicos"
14;"1556";"29141990";"0";"sem direito"
14;"1556";"30051090";"0";"sem direito"
14;"1556";"30051030";"0";"sem direito"
14;"1556";"30059090";"0";"sem direito"
14;"1556";"30044990";"0";"sem direito"
11;"5949";"34022000-000";"0";"sem incidencia - outras saidas"
11;"5949";"38085029-000";"0";"sem incidencia - outras saidas"
11;"5949";"34022000-000";"0";"sem incidencia - outras saidas"
11;"5949";"38085029-000";"0";"sem incidencia - outras saidas"
11;"5949";"34022000-000";"0";"sem incidencia - outras saidas"
11;"5949";"34022000-000";"0";"sem incidencia - outras saidas"
11;"5949";"38085029-000";"0";"sem incidencia - outras saidas"
11;"5949";"34022000-000";"0";"sem incidencia - outras saidas"
11;"5949";"38085029-000";"0";"sem incidencia - outras saidas"
11;"5949";"34022000-000";"0";"sem incidencia - outras saidas"
11;"5949";"38085029-000";"0";"sem incidencia - outras saidas"
11;"5949";"34022000-000";"0";"sem incidencia - outras saidas"
11;"5949";"34022000-000";"0";"sem incidencia - outras saidas"
14;"1202";"04012090-000";"0";"suspensao"
14;"6101";"04041000-000";"0";"aliquota zero"
14;"5101";"04022130-000";"0";"tributado"
14;"5125";"04069020-000";"0";"tributado"
14;"6101";"04022130-000";"0";"tributado"
14;"5101";"04061010-000";"0";"aliquota zero"
14;"5101";"04022130-000";"0";"tributado"
14;"6101";"04041000-000";"0";"aliquota zero"
14;"5101";"04061010-000";"0";"aliquota zero"
14;"5101";"04061010-000";"0";"aliquota zero"
14;"5101";"04061010-000";"0";"aliquota zero"
14;"1556";"85044029";"0";"sem direito"
14;"1556";"85235190";"0";"sem direito"
14;"1556";"85392910";"0";"sem direito"
14;"1556";"85365090";"0";"sem direito"
14;"1556";"85361000";"0";"sem direito"
14;"1556";"85361000";"0";"sem direito"
14;"1556";"85361000";"0";"sem direito"
14;"1556";"85392910";"0";"sem direito"
14;"1556";"62011300";"0";"sem direito"
14;"1556";"85366990";"0";"sem direito"
14;"1556";"85361000";"0";"sem direito"
14;"1556";"70091000";"0";"sem direito"
14;"1556";"39219090";"0";"sem direito"
14;"1556";"84842000";"0";"sem direito"
14;"1556";"85359000";"0";"sem direito"
14;"1556";"62011300";"0";"sem direito"
14;"1556";"84849000";"0";"sem direito"
14;"1556";"39219090";"0";"sem direito"
14;"1556";"39219090";"0";"sem direito"
14;"1556";"39219090";"0";"sem direito"
14;"1556";"39269090";"0";"sem direito"
14;"1556";"39219090";"0";"sem direito"
14;"1556";"39219090";"0";"sem direito"
14;"1556";"39219090";"0";"sem direito"
14;"1556";"39219090";"0";"sem direito"
14;"2124";"04061010-000";"0";"tributado"
14;"1556";"85359000";"0";"sem direito"
14;"1556";"58061000";"0";"sem direito"
14;"1556";"39235000";"0";"sem direito"
14;"1556";"85392110";"0";"sem direito"
14;"1556";"20319000";"0";"sem direito"
14;"1556";"20130000";"0";"sem direito"
14;"1556";"20130000";"0";"sem direito"
14;"1556";"87089900";"0";"sem direito"
11;"0";"0";"0";"sem incidencia - servicos"
14;"0";"0";"0";"sem incidencia - servicos"
14;"1556";"33074900";"0";"sem direito"
14;"0";"0";"0";"sem incidencia - servicos"
14;"0";"0";"0";"sem incidencia - servicos"
14;"1556";"02022090";"0";"sem direito"
14;"1556";"27101932";"0";"sem direito"
14;"1556";"84212100";"0";"sem direito"
14;"1556";"84212100";"0";"sem direito"
14;"1556";"38249041";"0";"sem direito"
14;"2124";"04061010-000";"0";"tributado"
14;"1551";"84289090-000";"0";"tratamento via modulo de imobilizado"
14;"1352";"00000000-000";"2";"tributado"
14;"2352";"00000000-000";"2";"tributado"
14;"0";"0";"0";"tributado"
14;"0";"0";"0";"tributado"
14;"1556";"85381000-000";"0";"tributado"
